,mae,rmse,srmse,r2,corr
0,0.012731359724698474,0.014258253008575653,0.16084475070496645,0.36647839945603466,0.9308253661886914
1,0.012627363620520787,0.014175561056552623,0.16097125559687467,0.39603590536636424,0.9306731059376423
