,mae,rmse,srmse,r2,corr
0,0.012766416903250232,0.014297396885910623,0.1614422311901532,0.3606945939360193,0.9308755251322782
1,0.012693211894013507,0.01412600333112796,0.15945321714683425,0.4096014149702104,0.9311385597415386
